,movie_title,release_date,genre,mpaa_rating,total_gross,inflation_adjusted_gross,time
0,Snow White and the Seven Dwarfs,1937,Musical,G,184925485,5228953251,1950s - 1970s
1,Pinocchio,1940,Adventure,G,84300000,2188229052,1950s - 1970s
2,Fantasia,1940,Musical,G,83320000,2187090808,1950s - 1970s
3,Song of the South,1946,Adventure,G,65000000,1078510579,1950s - 1970s
4,Cinderella,1950,Drama,G,85000000,920608730,1950s - 1970s
5,"20,000 Leagues Under the Sea",1954,Adventure,,28200000,528279994,1950s - 1970s
6,Lady and the Tramp,1955,Drama,G,93600000,1236035515,1950s - 1970s
7,Sleeping Beauty,1959,Drama,,9464608,21505832,1950s - 1970s
8,101 Dalmatians,1961,Comedy,G,153000000,1362870985,1950s - 1970s
9,The Absent Minded Professor,1961,Comedy,,25381407,310094574,1950s - 1970s
10,Babes in Toyland,1961,Musical,G,10218316,124841160,1950s - 1970s
11,Bon Voyage!,1962,Comedy,Not Rated,9230769,109581646,1950s - 1970s
12,The Sword in the Stone,1963,Adventure,,22182353,153870834,1950s - 1970s
13,The Jungle Book,1967,Musical,Not Rated,141843000,789612346,1950s - 1970s
14,Blackbeard's Ghost,1968,Comedy,,21540050,138612686,1950s - 1970s
15,The Aristocats,1970,Musical,G,55675257,255161499,1970s - 1990s
16,The Boatniks,1970,Comedy,,18607492,101200742,1970s - 1990s
17,Bedknobs and Broomsticks,1971,Musical,,17871174,91305448,1970s - 1990s
18,The Apple Dumpling Gang,1975,Comedy,,31916500,131246872,1970s - 1990s
19,Freaky Friday,1977,Comedy,,25942000,98067733,1970s - 1990s
20,The Many Adventures of Winnie the Pooh,1977,,,0,0,1970s - 1990s
21,The Rescuers,1977,Adventure,,48775599,159743914,1970s - 1990s
22,Herbie Goes to Monte Carlo,1977,,,28000000,105847527,1970s - 1990s
23,The Black Hole,1979,,,35841901,120377374,1970s - 1990s
24,Midnight Madness,1980,,,2900000,9088096,1970s - 1990s
25,The Last Flight of Noah’s Ark,1980,,,11000000,34472116,1970s - 1990s
26,The Devil and Max Devlin,1981,,,16000000,48517980,1970s - 1990s
27,Amy,1981,Drama,,0,0,1970s - 1990s
28,The Fox and the Hound,1981,Comedy,,43899231,133118889,1970s - 1990s
29,Condorman,1981,Action,,0,0,1970s - 1990s
30,Night Crossing,1982,Drama,,4500000,12903059,1970s - 1990s
31,Tron,1982,Action,,26918576,77184895,1970s - 1990s
32,Tex,1982,Drama,,7199408,20643199,1970s - 1990s
33,Trenchcoat,1983,Comedy,,4304286,11519089,1970s - 1990s
34,Something Wicked This Way Comes,1983,Horror,,5656087,15136765,1970s - 1990s
35,Never Cry Wolf,1983,Drama,,27668764,70669955,1970s - 1990s
36,Running Brave,1983,Drama,,1204595,3223725,1970s - 1990s
37,Splash,1984,Comedy,PG,62599495,157057661,1970s - 1990s
38,Country,1984,Drama,,8400000,21075000,1970s - 1990s
39,Baby: Secret of the Lost Legend,1985,Adventure,,14276095,33900697,1970s - 1990s
40,Return to Oz,1985,Adventure,,10618813,25215934,1970s - 1990s
41,The Black Cauldron,1985,Adventure,,21288692,50553142,1970s - 1990s
42,My Science Project,1985,Comedy,,4100000,9736051,1970s - 1990s
43,The Journey of Natty Gann,1985,Drama,,9468512,22302956,1970s - 1990s
44,One Magic Christmas,1985,Drama,,13229514,31415432,1970s - 1990s
45,Down and Out in Beverly Hills,1986,Comedy,R,62134225,141183693,1970s - 1990s
46,Off Beat,1986,Comedy,,4842778,11003932,1970s - 1990s
47,Ruthless People,1986,Comedy,R,71624879,162748712,1970s - 1990s
48,The Great Mouse Detective,1986,Adventure,,23605534,53637367,1970s - 1990s
49,Flight of the Navigator,1986,Adventure,,18564613,42183197,1970s - 1990s
50,Tough Guys,1986,Comedy,,21458229,48758184,1970s - 1990s
51,The Color of Money,1986,Drama,R,52293000,117957323,1970s - 1990s
52,Outrageous Fortune,1987,Comedy,R,52864741,113976921,1970s - 1990s
53,Tin Men,1987,Comedy,,25411386,54787202,1970s - 1990s
54,Ernest Goes to Camp,1987,Comedy,,23509382,50686462,1970s - 1990s
55,Benji the Hunted,1987,Adventure,,15212539,32798382,1970s - 1990s
56,Adventures in Babysitting,1987,Comedy,,33790923,72853569,1970s - 1990s
57,Stakeout,1987,Comedy,R,65673233,141592160,1970s - 1990s
58,Can't Buy Me Love,1987,Romantic Comedy,,31623833,68181300,1970s - 1990s
59,Hello Again,1987,Comedy,,20419446,44024529,1970s - 1990s
60,3 Men and a Baby,1987,Comedy,PG,167780960,353334607,1970s - 1990s
61,Good Morning Vietnam,1987,Comedy,R,123922370,254414837,1970s - 1990s
62,Shoot to Kill,1988,Action,,29300000,60097074,1970s - 1990s
63,D.O.A.,1988,Thriller/Suspense,,12706478,26062188,1970s - 1990s
64,Return to Snowy River,1988,Adventure,PG,13687027,28073384,1970s - 1990s
65,Big Business,1988,Comedy,PG,40150487,82352451,1970s - 1990s
66,Who Framed Roger Rabbit?,1988,Comedy,PG,154112492,316250084,1970s - 1990s
67,Cocktail,1988,Drama,R,78222753,160442289,1970s - 1990s
68,The Rescue,1988,Action,,5855392,12009960,1970s - 1990s
69,Heartbreak Hotel,1988,Comedy,,5509417,11300331,1970s - 1990s
70,The Good Mother,1988,Drama,,4764606,9772655,1970s - 1990s
71,Ernest Saves Christmas,1988,Comedy,PG,28202109,57845202,1970s - 1990s
72,Oliver & Company,1988,Adventure,G,49576671,102254492,1970s - 1990s
73,Beaches,1988,Drama,PG-13,57041866,120381757,1970s - 1990s
74,Three Fugitives,1989,Comedy,PG-13,40590000,85757817,1970s - 1990s
75,New York Stories,1989,Drama,PG,10763469,22740861,1970s - 1990s
76,Disorganized Crime,1989,Comedy,,7210149,15233465,1970s - 1990s
77,Dead Poets Society,1989,Drama,PG,95860116,202531517,1970s - 1990s
78,"Honey, I Shrunk the Kids",1989,Adventure,PG,130724172,276191669,1970s - 1990s
79,Turner & Hooch,1989,Comedy,PG,71079915,150176361,1970s - 1990s
80,Cheetah,1989,Adventure,,7882250,16653473,1970s - 1990s
81,An Innocent Man,1989,Drama,R,19397847,40983414,1970s - 1990s
82,Gross Anatomy,1989,Drama,PG-13,11346186,23972012,1970s - 1990s
83,The Little Mermaid,1989,Adventure,G,111543479,223726012,1970s - 1990s
84,Blaze,1989,Drama,R,19049727,39884640,1970s - 1990s
85,Stella,1990,Drama,PG-13,20062347,40077147,1990 to 1995
86,Where the Heart Is,1990,Comedy,,1106475,2210321,1990 to 1995
87,Pretty Woman,1990,Romantic Comedy,R,178406268,356389765,1990 to 1995
88,Ernest Goes to Jail,1990,Comedy,PG,25029569,49999822,1990 to 1995
89,Spaced Invaders,1990,Comedy,PG,15000000,29964452,1990 to 1995
90,Fire Birds,1990,Action,PG-13,14760451,29485923,1990 to 1995
91,Dick Tracy,1990,Action,PG,103738726,207231621,1990 to 1995
92,Betsy's Wedding,1990,Comedy,R,19740070,39433357,1990 to 1995
93,Arachnophobia,1990,Thriller/Suspense,PG-13,53208180,106290270,1990 to 1995
94,DuckTales: The Movie - Treasure of th…,1990,Adventure,G,18075331,36107823,1990 to 1995
95,Taking Care of Business,1990,Comedy,R,20005435,39963460,1990 to 1995
96,Mr. Destiny,1990,Comedy,PG-13,15379253,30722056,1990 to 1995
97,The Rescuers Down Under,1990,Adventure,G,27931461,55796728,1990 to 1995
98,3 Men and a Little Lady,1990,Comedy,PG,71609321,143108869,1990 to 1995
99,Green Card,1990,Romantic Comedy,PG-13,29804169,59679131,1990 to 1995
100,White Fang,1991,Adventure,PG,34729091,69540672,1990 to 1995
101,Scenes from a Mall,1991,Comedy,,9563393,19149495,1990 to 1995
102,Haakon Haakonsen,1991,Adventure,PG,15024232,30084149,1990 to 1995
103,The Marrying Man,1991,Romantic Comedy,R,12454768,24939118,1990 to 1995
104,Oscar,1991,Comedy,PG,23562716,47181395,1990 to 1995
105,One Good Cop,1991,Action,R,11276846,22580472,1990 to 1995
106,What About Bob?,1991,Comedy,PG,63710000,127571325,1990 to 1995
107,Wild Hearts Can't Be Broken,1991,Drama,,7300000,14617333,1990 to 1995
108,The Rocketeer,1991,Action,PG,46573027,93256673,1990 to 1995
109,The Doctor,1991,Drama,PG-13,37497480,75084021,1990 to 1995
110,Paradise,1991,Drama,PG-13,18634643,37313540,1990 to 1995
111,Deceived,1991,Thriller/Suspense,PG-13,28738096,57544453,1990 to 1995
112,Ernest Scared Stupid,1991,Comedy,PG,14143280,28320147,1990 to 1995
113,Billy Bathgate,1991,Drama,R,15565363,31167691,1990 to 1995
114,Beauty and the Beast,1991,Musical,G,218951625,363017667,1990 to 1995
115,Father of the Bride,1991,Comedy,PG,89325780,179821881,1990 to 1995
116,The Hand That Rocks the Cradle,1992,Thriller/Suspense,R,88036683,178831137,1990 to 1995
117,Medicine Man,1992,Drama,PG-13,44948240,91304495,1990 to 1995
118,Blame it on the Bellboy,1992,Comedy,PG-13,2891055,5872667,1990 to 1995
119,Noises Off...,1992,Comedy,PG-13,2280148,4631720,1990 to 1995
120,Straight Talk,1992,Comedy,PG,21202099,43068356,1990 to 1995
121,Newsies,1992,,PG,2706352,5497481,1990 to 1995
122,Passed Away,1992,,PG-13,4030793,8187848,1990 to 1995
123,Encino Man,1992,Comedy,PG,40057130,81369058,1990 to 1995
124,Sister Act,1992,Comedy,PG,139605150,283583472,1990 to 1995
125,Honey I Blew Up the Kid,1992,Comedy,PG,58662452,119162518,1990 to 1995
126,A Stranger Among Us,1992,Drama,PG-13,12282994,24950752,1990 to 1995
127,3 Ninjas,1992,Action,PG,29028000,58965304,1990 to 1995
128,A Gun in Betty Lou's Handbag,1992,,PG-13,3591460,7295423,1990 to 1995
129,Captain Ron,1992,Comedy,PG-13,22518097,45741576,1990 to 1995
130,Sarafina!,1992,Drama,PG-13,7306242,14841352,1990 to 1995
131,Innocent Blood,1992,Horror,R,4877567,9907922,1990 to 1995
132,The Mighty Ducks,1992,Comedy,PG,50752337,103120810,1990 to 1995
133,1492: Conquest of Paradise,1992,Adventure,PG-13,7099531,14421454,1990 to 1995
134,Consenting Adults,1992,Drama,R,21591728,43859823,1990 to 1995
135,Aladdin,1992,Comedy,G,217350219,441969178,1990 to 1995
136,The Distinguished Gentleman,1992,Comedy,R,46434570,94349900,1990 to 1995
137,The Muppet Christmas Carol,1992,Comedy,G,27281507,55417615,1990 to 1995
138,Alive,1993,Adventure,R,36299670,73914543,1990 to 1995
139,Aspen Extreme,1993,Romantic Comedy,PG-13,7843388,15970955,1990 to 1995
140,Homeward Bound: The Incredible Journey,1993,Adventure,G,41833324,85182343,1990 to 1995
141,The Cemetery Club,1993,Comedy,PG-13,5583621,11369541,1990 to 1995
142,Swing Kids,1993,Musical,PG-13,5632086,11468231,1990 to 1995
143,A Far Off Place,1993,Adventure,PG,12890752,26248558,1990 to 1995
144,Born Yesterday,1993,Romantic Comedy,PG,17760754,36165012,1990 to 1995
145,The Adventures of Huck Finn,1993,Adventure,PG,24103594,49080505,1990 to 1995
146,Bound by Honor,1993,,R,4496583,9156084,1990 to 1995
147,Indian Summer,1993,Comedy,R,14717851,29968953,1990 to 1995
148,Super Mario Bros.,1993,Action,PG,20844907,42445058,1990 to 1995
149,Guilty as Sin,1993,Thriller/Suspense,R,22622537,46064723,1990 to 1995
150,Life With Mikey,1993,Comedy,PG,12349549,25146538,1990 to 1995
151,What's Love Got to Do With It,1993,Drama,R,39100956,79618610,1990 to 1995
152,Son in Law,1993,Comedy,PG-13,25989889,52921433,1990 to 1995
153,Hocus Pocus,1993,Comedy,PG,39360491,80147079,1990 to 1995
154,Another Stakeout,1993,Comedy,PG-13,20107504,40943541,1990 to 1995
155,My Boyfriend's Back,1993,,PG-13,3218882,6554384,1990 to 1995
156,Father Hood,1993,,PG-13,3268203,6654819,1990 to 1995
157,The Joy Luck Club,1993,Drama,R,32790064,66768171,1990 to 1995
158,Money for Nothing,1993,Comedy,R,1044824,2127496,1990 to 1995
159,The Program,1993,Action,R,23042200,46919256,1990 to 1995
160,Cool Runnings,1993,Comedy,PG,68856263,140392731,1990 to 1995
161,The Nightmare Before Christmas,1993,Musical,PG,50408318,100026637,1990 to 1995
162,The Three Musketeers,1993,Adventure,PG,53661805,109310377,1990 to 1995
163,Sister Act 2 Back in the Habit,1993,Comedy,PG,57319029,116965668,1990 to 1995
164,Tombstone,1993,Western,R,56505065,115781734,1990 to 1995
165,The Air Up There,1994,Comedy,PG,20782439,42940186,1990 to 1995
166,Cabin Boy,1994,Comedy,PG-13,3469493,7168577,1990 to 1995
167,Iron Will,1994,Drama,PG,20623071,42610902,1990 to 1995
168,Red Rock West,1994,,R,2502551,5170709,1990 to 1995
169,Blank Check,1994,Comedy,PG,30573770,63170804,1990 to 1995
170,Angie,1994,Comedy,R,9252349,19116981,1990 to 1995
171,The Ref,1994,Comedy,R,11325885,23401275,1990 to 1995
172,D2: The Mighty Ducks,1994,Comedy,PG,45604206,94226333,1990 to 1995
173,Holy Matrimony,1994,Comedy,,713234,1473665,1990 to 1995
174,White Fang 2: Myth of the White Wolf,1994,Adventure,PG,8752399,18083994,1990 to 1995
175,The Inkwell,1994,Comedy,R,8864699,18316030,1990 to 1995
176,When a Man Loves a Woman,1994,Drama,R,50021959,103354194,1990 to 1995
177,3 Ninjas Kick Back,1994,Action,PG,11744960,24267154,1990 to 1995
178,Renaissance Man,1994,Comedy,PG-13,24172899,49945474,1990 to 1995
179,The Lion King,1994,Adventure,G,422780140,761640898,1990 to 1995
180,I Love Trouble,1994,Romantic Comedy,PG,30806194,63651027,1990 to 1995
181,Angels in the Outfield,1994,Comedy,PG,50236831,103798152,1990 to 1995
182,In the Army Now,1994,Comedy,PG,28881266,59673787,1990 to 1995
183,Color of Night,1994,Thriller/Suspense,R,19750470,40804816,1990 to 1995
184,Camp Nowhere,1994,Comedy,PG,10442641,21576332,1990 to 1995
185,It's Pat,1994,Comedy,,60822,125666,1990 to 1995
186,A Simple Twist of Fate,1994,Drama,PG-13,3404935,7035189,1990 to 1995
187,Quiz Show,1994,Drama,PG-13,24787282,50840394,1990 to 1995
188,Terminal Velocity,1994,Action,PG-13,16478900,34048315,1990 to 1995
189,Ed Wood,1994,Comedy,R,5828466,12042634,1990 to 1995
190,The Puppet Masters,1994,Horror,R,8579626,17727017,1990 to 1995
191,Squanto: A Warrior's Tale,1994,Drama,PG,3319344,6858345,1990 to 1995
192,The Santa Clause,1994,Comedy,PG,144833357,298369717,1990 to 1995
193,A Low Down Dirty Shame,1994,Action,R,29317886,60321919,1990 to 1995
194,The Jungle Book,1994,Adventure,PG,44342956,88930321,1990 to 1995
195,Houseguest,1995,Comedy,PG,26325256,51016522,1995 to 2000
196,Bad Company,1995,Thriller/Suspense,R,3523909,6829092,1995 to 2000
197,Miami Rhapsody,1995,Romantic Comedy,PG-13,5086578,9857435,1995 to 2000
198,The Jerky Boys,1995,Comedy,R,7555256,14641561,1995 to 2000
199,Heavy Weights,1995,Comedy,PG,17671310,34245779,1995 to 2000
200,Man of the House,1995,Comedy,PG,40029009,77573459,1995 to 2000
201,Roommates,1995,Comedy,PG,12076989,23404369,1995 to 2000
202,Tall Tale,1995,Western,PG,8247627,15983331,1995 to 2000
203,A Pyromaniac's Love Story,1995,Romantic Comedy,PG,468240,907414,1995 to 2000
204,Jefferson in Paris,1995,Drama,PG-13,2461628,4770461,1995 to 2000
205,Funny Bones,1995,Comedy,R,529135,1025425,1995 to 2000
206,A Goofy Movie,1995,Comedy,G,35336439,68479579,1995 to 2000
207,While You Were Sleeping,1995,Romantic Comedy,PG,81057016,157082900,1995 to 2000
208,Crimson Tide,1995,Action,R,91387195,177102077,1995 to 2000
209,Mad Love,1995,Drama,PG-13,15446532,29934306,1995 to 2000
210,Pocahontas,1995,Adventure,G,141579773,274370957,1995 to 2000
211,Judge Dredd,1995,Action,R,34687912,67222776,1995 to 2000
212,Operation Dumbo Drop,1995,Adventure,PG,24670346,47809421,1995 to 2000
213,Dangerous Minds,1995,Drama,R,84919401,164552293,1995 to 2000
214,A Kid in King Arthur's Court,1995,Adventure,PG,13406717,25981285,1995 to 2000
215,The Tie That Binds,1995,Thriller/Suspense,R,5762795,11167895,1995 to 2000
216,Unstrung Heroes,1995,Drama,PG,7929000,15365850,1995 to 2000
217,The Big Green,1995,Comedy,PG,17736619,34372339,1995 to 2000
218,Dead Presidents,1995,Drama,R,24120194,46741467,1995 to 2000
219,The Scarlet Letter,1995,Drama,R,10359006,20075033,1995 to 2000
220,Feast of July,1995,Drama,R,293274,568342,1995 to 2000
221,Powder,1995,Drama,PG-13,30833914,59727216,1995 to 2000
222,Toy Story,1995,Adventure,G,191796233,370409631,1995 to 2000
223,Father of the Bride Part II,1995,Comedy,PG,76578911,147658438,1995 to 2000
224,Nixon,1995,Drama,R,13668249,26302005,1995 to 2000
225,Tom and Huck,1995,Adventure,PG,23837227,45911517,1995 to 2000
226,Mr. Holland's Opus,1995,Drama,PG,82582604,157508868,1995 to 2000
227,White Squall,1996,Adventure,PG-13,10229300,19509726,1995 to 2000
228,Muppet Treasure Island,1996,Adventure,G,34327391,65470567,1995 to 2000
229,Mr. Wrong,1996,Romantic Comedy,PG-13,12805071,24422334,1995 to 2000
230,Before and After,1996,Drama,PG-13,8642118,16482589,1995 to 2000
231,Up Close & Personal,1996,Drama,PG-13,51045801,97356578,1995 to 2000
232,Homeward Bound II: Lost in San Franc…,1996,Adventure,G,32709423,62384706,1995 to 2000
233,Two Much,1996,Romantic Comedy,PG-13,1078555,2057055,1995 to 2000
234,Un indien dans la ville,1996,Comedy,PG,1029731,1963937,1995 to 2000
235,James and the Giant Peach,1996,Adventure,PG,28921264,55159783,1995 to 2000
236,Celtic Pride,1996,Comedy,PG-13,9240378,17623615,1995 to 2000
237,Last Dance,1996,Drama,R,5857534,11171714,1995 to 2000
238,Boys,1996,Drama,PG-13,21930418,41826566,1995 to 2000
239,Spy Hard,1996,Comedy,PG-13,26936265,51373912,1995 to 2000
240,Eddie,1996,Comedy,PG-13,31369401,59828966,1995 to 2000
241,The Rock,1996,Action,R,134069511,255702705,1995 to 2000
242,The Hunchback of Notre Dame,1996,Adventure,G,100138851,190988799,1995 to 2000
243,Phenomenon,1996,Drama,PG,104636382,199559799,1995 to 2000
244,Kazaam,1996,Comedy,PG,18880508,36009655,1995 to 2000
245,Jack,1996,Drama,PG-13,58617334,111792852,1995 to 2000
246,First Kid,1996,Comedy,PG,26465920,50465108,1995 to 2000
247,The Rich Man's Wife,1996,Thriller/Suspense,R,8538318,16284619,1995 to 2000
248,D3: The Mighty Ducks,1996,Comedy,PG,22936273,43713554,1995 to 2000
249,The Associate,1996,Comedy,PG-13,12772657,24333094,1995 to 2000
250,Ransom,1996,Action,R,136492681,259807820,1995 to 2000
251,The War at Home,1996,,R,34368,65543,1995 to 2000
252,101 Dalmatians,1996,Comedy,G,136189294,258728898,1995 to 2000
253,The Preacher's Wife,1996,Drama,PG,48102795,91076877,1995 to 2000
254,Evita,1996,Musical,PG,50047179,92077628,1995 to 2000
255,Metro,1997,Action,R,32017895,58804106,1995 to 2000
256,Prefontaine,1997,Drama,PG-13,590817,1085093,1995 to 2000
257,Shadow Conspiracy,1997,Thriller/Suspense,R,2154540,3957025,1995 to 2000
258,That Darn Cat,1997,Comedy,PG,18301828,33613158,1995 to 2000
259,Jungle 2 Jungle,1997,Comedy,PG,59925026,110058379,1995 to 2000
260,The Sixth Man,1997,Comedy,PG-13,14765099,27117599,1995 to 2000
261,Grosse Pointe Blank,1997,Black Comedy,R,28084357,51579764,1995 to 2000
262,Romy and Michele's High School Reunion,1997,Comedy,R,29235353,53693680,1995 to 2000
263,Gone Fishin',1997,Comedy,PG,19745922,36265379,1995 to 2000
264,Con Air,1997,Action,R,101117573,185712664,1995 to 2000
265,Hercules,1997,Adventure,G,99112101,182029412,1995 to 2000
266,George Of The Jungle,1997,Comedy,PG,105263257,193326632,1995 to 2000
267,Nothing To Lose,1997,Comedy,R,44480039,81692095,1995 to 2000
268,Air Bud,1997,Comedy,PG,24646936,45266588,1995 to 2000
269,G.I. Jane,1997,Drama,R,48169156,88467531,1995 to 2000
270,A Thousand Acres,1997,Drama,R,7928412,14561324,1995 to 2000
271,Washington Square,1997,Drama,PG,1775644,3257546,1995 to 2000
272,Rocket Man,1997,Comedy,PG,15448043,28371890,1995 to 2000
273,Playing God,1997,Thriller/Suspense,R,4166918,7652965,1995 to 2000
274,Flubber,1997,Comedy,PG,92993801,170406423,1995 to 2000
275,An American Werewolf in Paris,1997,Horror,R,26570463,48546161,1995 to 2000
276,Mr. Magoo,1997,Comedy,PG,21437192,39145784,1995 to 2000
277,Kundun,1997,Drama,PG-13,5686694,10236836,1995 to 2000
278,Deep Rising,1998,Action,R,11203026,20136775,1995 to 2000
279,Krippendorf's Tribe,1998,Comedy,PG-13,7571115,13608633,1995 to 2000
280,An Alan Smithee Film: Burn Hollywood …,1998,Comedy,R,45779,82277,1995 to 2000
281,Meet the Deedles,1998,Comedy,PG,4356126,7829877,1995 to 2000
282,He Got Game,1998,Drama,R,21567853,38766948,1995 to 2000
283,The Horse Whisperer,1998,Drama,PG-13,75383563,135497531,1995 to 2000
284,"Six Days, Seven Nights",1998,Romantic Comedy,PG-13,74339294,133620516,1995 to 2000
285,Mulan,1998,Adventure,G,120620254,216807832,1995 to 2000
286,Armageddon,1998,Adventure,PG-13,201578182,362324957,1995 to 2000
287,Jane Austen's Mafia,1998,Comedy,PG-13,19843795,35668055,1995 to 2000
288,The Parent Trap,1998,Comedy,PG,66308518,119185667,1995 to 2000
289,Firelight,1998,Drama,R,784419,1409943,1995 to 2000
290,Simon Birch,1998,Drama,PG,18253415,32809442,1995 to 2000
291,Holy Man,1998,Comedy,PG,12069719,21694605,1995 to 2000
292,Beloved,1998,Drama,R,22852487,41062682,1995 to 2000
293,The Waterboy,1998,Comedy,PG-13,161491646,288691833,1995 to 2000
294,I'll Be Home For Christmas,1998,Comedy,PG,12214338,21941840,1995 to 2000
295,A Bug's Life,1998,Adventure,G,162798565,288981698,1995 to 2000
296,Enemy of the State,1998,Action,R,111549836,198472008,1995 to 2000
297,Rushmore,1998,Black Comedy,R,17105219,28392518,1995 to 2000
298,A Civil Action,1998,Drama,PG-13,56709981,94139530,1995 to 2000
299,Mighty Joe Young,1998,Adventure,PG,50632037,87906042,1995 to 2000
300,My Favorite Martian,1999,Comedy,PG,36850101,61150849,1995 to 2000
301,The Other Sister,1999,Romantic Comedy,PG-13,27807627,46145331,1995 to 2000
302,Doug's 1st Movie,1999,Adventure,G,19421271,32228598,1995 to 2000
303,Ten Things I Hate About You,1999,Romantic Comedy,PG-13,38177966,63354375,1995 to 2000
304,Endurance,1999,,PG,229128,380218,1995 to 2000
305,Instinct,1999,Drama,R,34105207,56595842,1995 to 2000
306,Tarzan,1999,Adventure,G,171091819,283900254,1995 to 2000
307,Summer of Sam,1999,Drama,R,19288130,32007656,1995 to 2000
308,Inspector Gadget,1999,Comedy,PG,97387965,161610341,1995 to 2000
309,The Sixth Sense,1999,Thriller/Suspense,PG-13,293506292,485424724,1995 to 2000
310,The 13th Warrior,1999,Action,R,32698899,54262148,1995 to 2000
311,Breakfast of Champions,1999,Comedy,R,178287,295851,1995 to 2000
312,Mumford,1999,Comedy,R,4559569,7566363,1995 to 2000
313,"Mystery, Alaska",1999,Comedy,R,8891623,14755189,1995 to 2000
314,The Straight Story,1999,Drama,G,6197866,10111144,1995 to 2000
315,The Insider,1999,Drama,R,28965197,47794214,1995 to 2000
316,Toy Story 2,1999,Adventure,G,245852179,404450426,1995 to 2000
317,Cradle Will Rock,1999,Drama,R,2899970,4609153,1995 to 2000
318,Deuce Bigalow: Male Gigolo,1999,Comedy,R,65535067,106921374,1995 to 2000
319,Bicentennial Man,1999,Drama,PG,58220776,94838225,1995 to 2000
320,Play it to the Bone,1999,Comedy,R,8427204,13180524,1995 to 2000
321,Fantasia 2000 (IMAX),2000,Musical,G,60507228,94852354,2000 to 2005
322,Gun Shy,2000,Comedy,R,1638202,2562155,2000 to 2005
323,The Tigger Movie,2000,Adventure,G,45542421,71228678,2000 to 2005
324,Mission to Mars,2000,Adventure,PG,60874615,95208344,2000 to 2005
325,High Fidelity,2000,Comedy,R,27277055,42661516,2000 to 2005
326,Keeping the Faith,2000,Romantic Comedy,PG-13,37036404,57925202,2000 to 2005
327,Dinosaur,2000,Adventure,PG,137748063,215438985,2000 to 2005
328,Shanghai Noon,2000,Western,PG-13,56932305,89042541,2000 to 2005
329,Gone in 60 Seconds,2000,Action,PG-13,101643008,158970411,2000 to 2005
330,Fantasia 2000 (Theatrical Release),2000,Musical,G,9103630,14238144,2000 to 2005
331,The Kid,2000,Comedy,PG,69688384,108993148,2000 to 2005
332,Coyote Ugly,2000,Drama,PG-13,60786269,95070168,2000 to 2005
333,The Crew,2000,Comedy,PG-13,13019253,20362201,2000 to 2005
334,Duets,2000,Drama,R,4734235,7404372,2000 to 2005
335,Remember the Titans,2000,Drama,PG,115654751,180742479,2000 to 2005
336,Unbreakable,2000,Thriller/Suspense,PG-13,94999143,148208901,2000 to 2005
337,102 Dalmatians,2000,Comedy,G,66941559,104055039,2000 to 2005
338,The Emperor's New Groove,2000,Adventure,G,89296573,136789252,2000 to 2005
339,"O Brother, Where Art Thou?",2000,Comedy,PG-13,45506619,67922002,2000 to 2005
340,Double Take,2001,Action,PG-13,29823162,44418589,2000 to 2005
341,Recess: School's Out,2001,Comedy,G,36696761,54656124,2000 to 2005
342,Just Visiting,2001,Comedy,PG-13,4777007,7114869,2000 to 2005
343,Pearl Harbor,2001,Action,PG-13,198539855,295705112,2000 to 2005
344,Atlantis: The Lost Empire,2001,Adventure,PG,84052762,125188122,2000 to 2005
345,crazy/beautiful,2001,Drama,PG-13,16929123,25214223,2000 to 2005
346,The Princess Diaries,2001,Comedy,G,108244774,161218928,2000 to 2005
347,Bubble Boy,2001,Comedy,PG-13,5002310,7450434,2000 to 2005
348,Max Keeble's Big Move,2001,Comedy,PG,17292381,25749730,2000 to 2005
349,Corky Romano,2001,Comedy,PG-13,23978402,35705805,2000 to 2005
350,High Heels and Low Lifes,2001,,R,226792,337782,2000 to 2005
351,"Monsters, Inc.",2001,Adventure,G,289423425,416073179,2000 to 2005
352,Out Cold,2001,Comedy,PG-13,13906394,20700691,2000 to 2005
353,The Royal Tenenbaums,2001,Black Comedy,R,52353636,76758193,2000 to 2005
354,Beauty and the Beast (IMAX),2002,Musical,G,25487028,36980311,2000 to 2005
355,Frank McKlusky C.I.,2002,,,0,0,2000 to 2005
356,Snow Dogs,2002,Comedy,PG,81150692,117745317,2000 to 2005
357,The Count of Monte Cristo,2002,Drama,PG-13,54228104,78682079,2000 to 2005
358,Peter Pan: Return to Neverland,2002,Adventure,G,48430258,70269715,2000 to 2005
359,Reign of Fire,2002,Action,PG-13,43061982,62480631,2000 to 2005
360,Sorority Boys,2002,Comedy,R,10198766,14797862,2000 to 2005
361,The Rookie,2002,Drama,G,75600072,109691666,2000 to 2005
362,Big Trouble,2002,Comedy,PG-13,7262288,10537188,2000 to 2005
363,ESPN's Ultimate X - The Movie,2002,Documentary,PG,4197175,6089874,2000 to 2005
364,Bad Company,2002,Action,PG-13,30157016,43756218,2000 to 2005
365,Lilo & Stitch,2002,Adventure,PG,145771527,211506702,2000 to 2005
366,The Country Bears,2002,Adventure,G,16988996,24650121,2000 to 2005
367,Signs,2002,Thriller/Suspense,PG-13,227965690,330754439,2000 to 2005
368,Sen to Chihiro no Kamikakushi,2002,Adventure,PG,10049886,14338992,2000 to 2005
369,Sweet Home Alabama,2002,Comedy,PG-13,127214072,184521151,2000 to 2005
370,Moonlight Mile,2002,Drama,PG-13,6830957,9909094,2000 to 2005
371,Tuck Everlasting,2002,Drama,PG,19161999,27789959,2000 to 2005
372,The Santa Clause 2,2002,Comedy,G,139225854,201959095,2000 to 2005
373,Treasure Planet,2002,Adventure,PG,38120554,55189145,2000 to 2005
374,The Hot Chick,2002,Comedy,PG-13,35081550,50624654,2000 to 2005
375,25th Hour,2002,Drama,R,13084595,18325463,2000 to 2005
376,The Recruit,2003,Thriller/Suspense,PG-13,52784696,73793522,2000 to 2005
377,Shanghai Knights,2003,Adventure,PG-13,60470220,84537962,2000 to 2005
378,The Jungle Book 2,2003,Adventure,G,47901582,66966883,2000 to 2005
379,Bringing Down the House,2003,Comedy,PG-13,132675402,185481530,2000 to 2005
380,Piglet's Big Movie,2003,Comedy,G,23103423,32298812,2000 to 2005
381,Ghosts of the Abyss,2003,Documentary,G,17093668,23803108,2000 to 2005
382,Holes,2003,Drama,PG,67383924,94203395,2000 to 2005
383,The Lizzie McGuire Movie,2003,Comedy,PG,42734455,59743191,2000 to 2005
384,Finding Nemo,2003,Adventure,G,380529370,518148559,2000 to 2005
385,Pirates of the Caribbean: The Curse o…,2003,Adventure,PG-13,305411224,426967926,2000 to 2005
386,Freaky Friday,2003,Comedy,PG,110222438,154090360,2000 to 2005
387,Open Range,2003,Western,R,58331254,81547672,2000 to 2005
388,Cold Creek Manor,2003,Thriller/Suspense,R,21384035,29895090,2000 to 2005
389,Under the Tuscan Sun,2003,Comedy,PG-13,43601508,60944053,2000 to 2005
390,Veronica Guerin,2003,Drama,R,1569918,2194759,2000 to 2005
391,Brother Bear,2003,Adventure,G,85336277,119218333,2000 to 2005
392,The Haunted Mansion,2003,Comedy,PG,75817994,105775678,2000 to 2005
393,Calendar Girls,2003,Comedy,PG-13,31011616,42379650,2000 to 2005
394,Young Black Stallion,2003,Adventure,G,6751389,9254344,2000 to 2005
395,Teacher's Pet: The Movie,2004,Comedy,PG,6491969,8812764,2000 to 2005
396,Miracle,2004,Drama,PG,64378093,87392478,2000 to 2005
397,Confessions of a Teenage Drama Queen,2004,Comedy,PG,29331068,39816568,2000 to 2005
398,Hidalgo,2004,Western,PG-13,67286731,91340921,2000 to 2005
399,The Ladykillers,2004,Comedy,R,39692139,53881593,2000 to 2005
400,Home on the Range,2004,Comedy,PG,50026353,67910166,2000 to 2005
401,The Alamo,2004,Western,PG-13,22406362,30416359,2000 to 2005
402,Raising Helen,2004,Comedy,PG-13,37485528,50886144,2000 to 2005
403,Around the World in 80 Days,2004,Adventure,PG,24004159,32585356,2000 to 2005
404,America's Heart and Soul,2004,Documentary,Not Rated,314000,426246,2000 to 2005
405,King Arthur,2004,Adventure,PG-13,51877963,70423706,2000 to 2005
406,The Village,2004,Thriller/Suspense,PG-13,114197520,155021748,2000 to 2005
407,The Princess Diaries 2: Royal Engagement,2004,Romantic Comedy,G,95149435,129164207,2000 to 2005
408,Mr. 3000,2004,Comedy,PG-13,21800302,29593641,2000 to 2005
409,The Last Shot,2004,Comedy,R,463730,629502,2000 to 2005
410,Ladder 49,2004,Action,PG-13,74541707,101161045,2000 to 2005
411,The Incredibles,2004,Adventure,PG,261441092,354488708,2000 to 2005
412,National Treasure,2004,Adventure,PG,173005002,234069353,2000 to 2005
413,The Life Aquatic with Steve Zissou,2004,Comedy,R,24006726,32198655,2000 to 2005
414,Aliens of the Deep,2005,Documentary,G,8968684,11740942,2005 to 2010
415,Pooh's Heffalump Movie,2005,Adventure,G,18098433,23801835,2005 to 2010
416,The Pacifier,2005,Comedy,PG,113006880,148619029,2005 to 2010
417,Ice Princess,2005,Comedy,G,24381334,32064685,2005 to 2010
418,A Lot Like Love,2005,Comedy,PG-13,21835784,28716947,2005 to 2010
419,The Hitchhiker's Guide to the Galaxy,2005,Comedy,PG,51019112,67096891,2005 to 2010
420,Hauru no ugoku shiro,2005,Adventure,PG,4710455,6194870,2005 to 2010
421,Herbie: Fully Loaded,2005,Comedy,G,66010682,86812798,2005 to 2010
422,Dark Water,2005,Thriller/Suspense,PG-13,25473093,33500491,2005 to 2010
423,Sky High,2005,Adventure,PG,63939454,84088854,2005 to 2010
424,Valiant,2005,Adventure,G,19478106,25616292,2005 to 2010
425,Flightplan,2005,Thriller/Suspense,PG-13,89706988,117960425,2005 to 2010
426,The Greatest Game Ever Played,2005,Drama,PG,15331289,20162672,2005 to 2010
427,Shopgirl,2005,Drama,R,10284523,13519621,2005 to 2010
428,Chicken Little,2005,Adventure,G,135386665,177954661,2005 to 2010
429,"The Chronicles of Narnia: The Lion, t…",2005,Adventure,PG,291710957,381557539,2005 to 2010
430,Casanova,2005,Drama,R,11304403,14574087,2005 to 2010
431,Glory Road,2006,Drama,PG,42647449,54888236,2005 to 2010
432,Annapolis,2006,Drama,PG-13,17127992,22044113,2005 to 2010
433,Roving Mars,2006,Documentary,G,10407978,12948025,2005 to 2010
434,Eight Below,2006,Adventure,PG,81612565,105037235,2005 to 2010
435,The Shaggy Dog,2006,Comedy,PG,61123569,78667428,2005 to 2010
436,Stay Alive,2006,Horror,PG-13,23086480,29712825,2005 to 2010
437,The Wild,2006,Adventure,G,37384046,48114115,2005 to 2010
438,Stick It,2006,Comedy,PG-13,26910736,34634731,2005 to 2010
439,Goal! The Dream Begins,2006,Drama,PG,4283255,5512647,2005 to 2010
440,Cars,2006,Comedy,G,244082982,314140384,2005 to 2010
441,Pirates of the Caribbean: Dead Man’…,2006,Adventure,PG-13,423315812,544817142,2005 to 2010
442,Step Up,2006,Drama,PG-13,65328121,84078780,2005 to 2010
443,Invincible,2006,Drama,PG,57806952,74398864,2005 to 2010
444,The Guardian,2006,Action,PG-13,55011732,70801353,2005 to 2010
445,The Prestige,2006,Thriller/Suspense,PG-13,53089891,68289913,2005 to 2010
446,Tim Burton's The Nightmare Before Chr…,2006,Musical,PG,24732041,30737517,2005 to 2010
447,The Santa Clause 3: The Escape Clause,2006,Comedy,G,84500122,108694869,2005 to 2010
448,Déjà Vu,2006,Thriller/Suspense,PG-13,64038616,82267038,2005 to 2010
449,Apocalypto,2006,Adventure,R,50866635,64959548,2005 to 2010
450,Primeval,2007,Adventure,R,10597734,12985302,2005 to 2010
451,Bridge to Terabithia,2007,Drama,PG,82234139,100760721,2005 to 2010
452,Wild Hogs,2007,Comedy,PG-13,168213584,206110533,2005 to 2010
453,Meet the Robinsons,2007,Adventure,G,97822171,119860589,2005 to 2010
454,The Lookout,2007,Drama,R,4600585,5637048,2005 to 2010
455,The Hoax,2007,Drama,R,7164995,8779196,2005 to 2010
456,The Invisible,2007,Thriller/Suspense,PG-13,20568319,25202168,2005 to 2010
457,Pirates of the Caribbean: At World’…,2007,Adventure,PG-13,309420425,379129960,2005 to 2010
458,Ratatouille,2007,Comedy,G,206445654,252955933,2005 to 2010
459,Underdog,2007,Adventure,PG,43760605,53619462,2005 to 2010
460,The Game Plan,2007,Comedy,PG,90648202,111010758,2005 to 2010
461,Dan in Real Life,2007,Romantic Comedy,PG-13,47642963,58350234,2005 to 2010
462,Enchanted,2007,Romantic Comedy,PG,127706877,156074310,2005 to 2010
463,National Treasure 2: Book of Secrets,2007,Adventure,PG,219961501,267003525,2005 to 2010
464,Hannah Montana/Miley Cyrus: Best of B…,2008,Concert/Performance,G,65281781,76646993,2005 to 2010
465,Step Up 2 the Streets,2008,Drama,PG-13,58017783,68118371,2005 to 2010
466,College Road Trip,2008,Comedy,G,45610425,53550960,2005 to 2010
467,The Chronicles of Narnia: Prince Caspian,2008,Adventure,PG,141621490,166277038,2005 to 2010
468,WALL-E,2008,Adventure,G,223808164,262771918,2005 to 2010
469,Swing Vote,2008,Comedy,PG-13,16289867,19125841,2005 to 2010
470,Goal! 2: Living the Dream...,2008,Drama,PG-13,225067,264247,2005 to 2010
471,Miracle at St. Anna,2008,Drama,R,7916887,9295171,2005 to 2010
472,Beverly Hills Chihuahua,2008,Comedy,PG,94514402,110932022,2005 to 2010
473,Morning Light,2008,Documentary,PG,275093,322979,2005 to 2010
474,High School Musical 3: Senior Year,2008,Musical,G,90559416,106308538,2005 to 2010
475,Bolt,2008,Comedy,PG,114053759,133702498,2005 to 2010
476,Bedtime Stories,2008,Comedy,PG,110101975,128039679,2005 to 2010
477,Confessions of a Shopaholic,2009,Romantic Comedy,PG,44277350,49767744,2005 to 2010
478,Jonas Brothers: The 3D Concert Experi…,2009,Concert/Performance,G,38174685,38174685,2005 to 2010
479,Race to Witch Mountain,2009,Adventure,PG,67172594,75501997,2005 to 2010
480,Hannah Montana the Movie,2009,Drama,G,79576189,89443640,2005 to 2010
481,Earth,2009,Documentary,G,32011576,35981010,2005 to 2010
482,Up,2009,Adventure,PG,293004164,329336681,2005 to 2010
483,The Proposal,2009,Romantic Comedy,PG-13,163958031,184288829,2005 to 2010
484,G-Force,2009,Adventure,PG,119436770,134246932,2005 to 2010
485,Gake no ue no Ponyo,2009,Adventure,G,15090399,16961607,2005 to 2010
486,X Games 3D: The Movie,2009,Documentary,PG,1391434,1563976,2005 to 2010
487,Walt and El Grupo,2009,Documentary,PG,20521,23064,2005 to 2010
488,Surrogates,2009,Action,PG-13,38577772,43361416,2005 to 2010
489,Toy Story 3D Double Feature,2009,Adventure,G,30702446,34509545,2005 to 2010
490,Disney's A Christmas Carol,2009,Drama,PG,137855863,154927105,2005 to 2010
491,The Princess and the Frog,2009,Adventure,G,104400899,116316457,2005 to 2010
492,Old Dogs,2009,Comedy,PG,49492060,55503929,2005 to 2010
493,When in Rome,2010,Romantic Comedy,PG-13,32680633,34917330,2010 to 2012
494,Alice in Wonderland,2010,Adventure,PG,334191110,357063499,2010 to 2012
495,Waking Sleeping Beauty,2010,Documentary,PG,80741,86264,2010 to 2012
496,The Last Song,2010,Drama,PG,62950384,67258772,2010 to 2012
497,Oceans,2010,Documentary,G,19422319,20751600,2010 to 2012
498,Prince of Persia: Sands of Time,2010,Action,PG-13,90759676,96971361,2010 to 2012
499,Toy Story 3,2010,Adventure,G,415004880,443408255,2010 to 2012
500,The Sorcerer's Apprentice,2010,Adventure,PG,63150991,67473105,2010 to 2012
501,Step Up 3D,2010,Drama,PG-13,42400223,45302137,2010 to 2012
502,Gedo Senki (Tales from Earthsea),2010,Adventure,PG-13,48658,51988,2010 to 2012
503,You Again,2010,Comedy,PG,25702053,27461121,2010 to 2012
504,Secretariat,2010,Drama,PG,59699513,63781920,2010 to 2012
505,Tangled,2010,Adventure,PG,200821936,214388548,2010 to 2012
506,Tron: Legacy,2010,Adventure,PG,172062763,183619259,2010 to 2012
507,Gnomeo and Juliet,2011,Comedy,G,99967670,106270797,2010 to 2012
508,I am Number Four,2011,Adventure,PG-13,55100437,58574607,2010 to 2012
509,Mars Needs Moms,2011,Adventure,PG,21392758,22741603,2010 to 2012
510,African Cats,2011,Documentary,G,15428747,16401551,2010 to 2012
511,Zokkomon,2011,Adventure,PG,2815,2984,2010 to 2012
512,Prom,2011,Comedy,PG,10130219,10768946,2010 to 2012
513,Pirates of the Caribbean: On Stranger…,2011,Adventure,PG-13,241063875,256263359,2010 to 2012
514,Cars 2,2011,Adventure,G,191450875,203522177,2010 to 2012
515,Winnie the Pooh,2011,Adventure,G,26692846,28375869,2010 to 2012
516,The Help,2011,Drama,PG-13,169705587,180404976,2010 to 2012
517,Fright Night,2011,Horror,R,18298649,19452402,2010 to 2012
518,Real Steel,2011,Action,PG-13,85463309,90848019,2010 to 2012
519,The Muppets,2011,Comedy,PG,88625922,94189503,2010 to 2012
520,War Horse,2011,Drama,PG-13,79883359,84762149,2010 to 2012
521,The Secret World of Arietty,2012,Adventure,G,19192510,20325733,2012 to 2014
522,John Carter,2012,Adventure,PG-13,73058679,77372445,2012 to 2014
523,Chimpanzee,2012,Documentary,G,28965459,30675725,2012 to 2014
524,The Avengers,2012,Action,PG-13,623279547,660081224,2012 to 2014
525,Brave,2012,Adventure,PG,237282182,251292441,2012 to 2014
526,People Like Us,2012,Drama,PG-13,12431792,13165822,2012 to 2014
527,The Odd Life of Timothy Green,2012,Drama,PG,51853450,54914942,2012 to 2014
528,Frankenweenie,2012,Comedy,PG,35287788,37363513,2012 to 2014
529,Wreck-It Ralph,2012,Adventure,PG,189412677,200354959,2012 to 2014
530,Lincoln,2012,Drama,PG-13,182207973,192122330,2012 to 2014
531,Oz the Great and Powerful,2013,Adventure,PG,234770996,243434130,2012 to 2014
532,Iron Man 3,2013,Action,PG-13,408992272,424084233,2012 to 2014
533,Monsters University,2013,Adventure,G,268488329,278395641,2012 to 2014
534,The Lone Ranger,2013,Western,PG-13,89302115,92597388,2012 to 2014
535,Disney Planes,2013,Comedy,PG,90282580,93614037,2012 to 2014
536,The Fifth Estate,2013,Drama,R,3254172,3374251,2012 to 2014
537,Thor: The Dark World,2013,Adventure,PG-13,206362140,213962184,2012 to 2014
538,Kaze Tachinu,2013,Drama,PG-13,5201879,5367415,2012 to 2014
539,Frozen,2013,Adventure,PG,400738009,414997174,2012 to 2014
540,Delivery Man,2013,Comedy,PG-13,30659817,31787136,2012 to 2014
541,Saving Mr. Banks,2013,Drama,PG-13,83299761,86249969,2012 to 2014
542,Need for Speed,2014,Action,PG-13,43568507,44955015,2014 to 2016
543,Muppets Most Wanted,2014,Comedy,PG,51178893,52807594,2014 to 2016
544,Captain America: The Winter Soldier,2014,Action,PG-13,259746958,268013076,2014 to 2016
545,Bears,2014,Documentary,G,17780194,18346024,2014 to 2016
546,Million Dollar Arm,2014,Drama,PG,36447959,37607865,2014 to 2016
547,Maleficent,2014,Adventure,PG,241407328,249089809,2014 to 2016
548,Planes: Fire and Rescue,2014,Adventure,PG,59157732,61040349,2014 to 2016
549,Guardians of the Galaxy,2014,Adventure,PG-13,333172112,343771168,2014 to 2016
550,The Hundred-Foot Journey,2014,Romantic Comedy,PG,54235441,55961409,2014 to 2016
551,"Alexander and the Terrible, Horrible,…",2014,Comedy,PG,66954149,69055550,2014 to 2016
552,Big Hero 6,2014,Adventure,PG,222527828,229249222,2014 to 2016
553,Into the Woods,2014,Musical,PG,128002372,130894237,2014 to 2016
554,Strange Magic,2015,Adventure,PG,12429583,12429583,2014 to 2016
555,"McFarland, USA",2015,Drama,PG,44480275,44480275,2014 to 2016
556,Cinderella,2015,Drama,PG,201151353,201151353,2014 to 2016
557,Monkey Kingdom,2015,Documentary,G,16432322,16432322,2014 to 2016
558,Avengers: Age of Ultron,2015,Action,PG-13,459005868,459005868,2014 to 2016
559,Tomorrowland,2015,Adventure,PG,93436322,93436322,2014 to 2016
560,Inside Out,2015,Adventure,PG,356461711,356461711,2014 to 2016
561,Ant-Man,2015,Action,PG-13,180202163,180202163,2014 to 2016
562,Bridge of Spies,2015,Thriller/Suspense,PG-13,72313754,72313754,2014 to 2016
563,The Good Dinosaur,2015,Adventure,PG,123087120,123087120,2014 to 2016
564,Star Wars Ep. VII: The Force Awakens,2015,Adventure,PG-13,936662225,936662225,2014 to 2016
565,The Finest Hours,2016,Thriller/Suspense,PG,27569558,27569558,2016 to 2017
566,Zootopia,2016,Adventure,PG,341268248,341268248,2016 to 2017
567,The Jungle Book,2016,Adventure,PG,364001123,364001123,2016 to 2017
568,A Beautiful Planet,2016,Documentary,G,7895708,7895708,2016 to 2017
569,Captain America: Civil War,2016,Action,PG-13,408084349,408084349,2016 to 2017
570,Alice Through the Looking Glass,2016,Adventure,PG,77042381,77042381,2016 to 2017
571,Finding Dory,2016,Adventure,PG,486295561,486295561,2016 to 2017
572,The BFG,2016,Adventure,PG,55483770,55483770,2016 to 2017
573,Pete’s Dragon,2016,Adventure,PG,76233151,76233151,2016 to 2017
574,The Light Between Oceans,2016,Drama,PG-13,12545979,12545979,2016 to 2017
575,Queen of Katwe,2016,Drama,PG,8874389,8874389,2016 to 2017
576,Doctor Strange,2016,Adventure,PG-13,232532923,232532923,2016 to 2017
577,Moana,2016,Adventure,PG,246082029,246082029,2016 to 2017
578,Rogue One: A Star Wars Story,2016,Adventure,PG-13,529483936,529483936,2016 to 2017
